100,Publicacion1,"Lorem ipsum dolor sit amet, consectetur adipiscing elit. Duis pharetra venenatis malesuada. Proin ligula urna, volutpat quis nisl vitae, molestie eleifend orci. Nunc scelerisque suscipit neque, ut commodo lacus cursus at. Donec tincidunt id ex dictum dignissim. Aliquam scelerisque, eros nec feugiat tempus, metus ante mattis erat, pellentesque auctor lorem felis non odio.",../images/Imagen1.jpg,69,Cristian92
101,Publicacion2,"Lorem ipsum dolor sit amet, consectetur adipiscing elit. Duis pharetra venenatis malesuada. Proin ligula urna, volutpat quis nisl vitae, molestie eleifend orci. Nunc scelerisque suscipit neque, ut commodo lacus cursus at. Donec tincidunt id ex dictum dignissim. Aliquam scelerisque, eros nec feugiat tempus, metus ante mattis erat, pellentesque auctor lorem felis non odio.",../images/Imagen2.jpg,35,Cristian92
102,Publicacion3,"Lorem ipsum dolor sit amet, consectetur adipiscing elit. Duis pharetra venenatis malesuada. Proin ligula urna, volutpat quis nisl vitae, molestie eleifend orci. Nunc scelerisque suscipit neque, ut commodo lacus cursus at. Donec tincidunt id ex dictum dignissim. Aliquam scelerisque, eros nec feugiat tempus, metus ante mattis erat, pellentesque auctor lorem felis non odio.",../images/Imagen2.jpg,6,Cristian92
103,Publicacion4,"Lorem ipsum dolor sit amet, consectetur adipiscing elit. Duis pharetra venenatis malesuada. Proin ligula urna, volutpat quis nisl vitae, molestie eleifend orci. Nunc scelerisque suscipit neque, ut commodo lacus cursus at. Donec tincidunt id ex dictum dignissim. Aliquam scelerisque, eros nec feugiat tempus, metus ante mattis erat, pellentesque auctor lorem felis non odio.",../images/Imagen2.jpg,4,Cristian92
104,Publicacion5,"Lorem ipsum dolor sit amet, consectetur adipiscing elit. Duis pharetra venenatis malesuada. Proin ligula urna, volutpat quis nisl vitae, molestie eleifend orci. Nunc scelerisque suscipit neque, ut commodo lacus cursus at. Donec tincidunt id ex dictum dignissim. Aliquam scelerisque, eros nec feugiat tempus, metus ante mattis erat, pellentesque auctor lorem felis non odio.",../images/Imagen2.jpg,1,Cristian92
105,Publicacion6,"Lorem ipsum dolor sit amet, consectetur adipiscing elit. Duis pharetra venenatis malesuada. Proin ligula urna, volutpat quis nisl vitae, molestie eleifend orci. Nunc scelerisque suscipit neque, ut commodo lacus cursus at. Donec tincidunt id ex dictum dignissim. Aliquam scelerisque, eros nec feugiat tempus, metus ante mattis erat, pellentesque auctor lorem felis non odio.",../images/Imagen2.jpg,12,Cristian92
106,Publicacion7,"Lorem ipsum dolor sit amet, consectetur adipiscing elit. Duis pharetra venenatis malesuada. Proin ligula urna, volutpat quis nisl vitae, molestie eleifend orci. Nunc scelerisque suscipit neque, ut commodo lacus cursus at. Donec tincidunt id ex dictum dignissim. Aliquam scelerisque, eros nec feugiat tempus, metus ante mattis erat, pellentesque auctor lorem felis non odio.",../images/Imagen2.jpg,10,Cristian92
107,Publicacion8,"Lorem ipsum dolor sit amet, consectetur adipiscing elit. Duis pharetra venenatis malesuada. Proin ligula urna, volutpat quis nisl vitae, molestie eleifend orci. Nunc scelerisque suscipit neque, ut commodo lacus cursus at. Donec tincidunt id ex dictum dignissim. Aliquam scelerisque, eros nec feugiat tempus, metus ante mattis erat, pellentesque auctor lorem felis non odio.",../images/Imagen2.jpg,3,Cristian92
108,Publicacion9,"Lorem ipsum dolor sit amet, consectetur adipiscing elit. Duis pharetra venenatis malesuada. Proin ligula urna, volutpat quis nisl vitae, molestie eleifend orci. Nunc scelerisque suscipit neque, ut commodo lacus cursus at. Donec tincidunt id ex dictum dignissim. Aliquam scelerisque, eros nec feugiat tempus, metus ante mattis erat, pellentesque auctor lorem felis non odio.",../images/Imagen2.jpg,1,Cristian92
109,PUblicacion101,sadsadsad,"../images/Captura de pantalla 2024-04-27 185616.png",17,Cristian92
